,City,Country,Latitude,Longitude,Temperature,Wind Speed,Humidity,Cloudiness
0,kyra,ru,49.58,111.98,-14.68,4.21,44.0,20.0
2,inverell,au,-29.78,151.12,18.48,1.86,83.0,56.0
3,glens falls,us,43.31,-73.64,-3.0,3.1,85.0,1.0
4,elko,us,40.83,-115.76,-3.0,1.16,73.0,1.0
6,tarata,pe,-17.47,-70.03,3.25,1.11,79.0,20.0
7,sisimiut,gl,66.94,-53.67,-6.63,0.91,93.0,88.0
8,abu zabad,sd,12.35,29.25,24.03,6.06,54.0,0.0
9,yellowknife,ca,62.46,-114.35,-14.0,4.6,84.0,90.0
10,baton rouge,us,30.45,-91.15,18.0,1.5,100.0,90.0
11,hovd,mn,48.01,91.64,-11.45,1.61,66.0,0.0
12,batsfjord,no,70.63,29.72,-3.0,6.2,79.0,0.0
13,mafeteng,ls,-29.82,27.24,26.68,4.11,41.0,0.0
14,atbasar,kz,51.8,68.33,-7.13,3.61,90.0,88.0
15,marystown,ca,47.17,-55.15,4.75,8.41,100.0,92.0
16,salalah,om,17.02,54.09,31.0,9.3,25.0,0.0
17,maryville,us,35.76,-83.97,4.0,1.11,93.0,20.0
19,kermanshah,ir,34.31,47.06,7.0,1.71,52.0,0.0
20,leon,es,42.6,-5.57,-4.0,2.1,92.0,0.0
22,nishihara,jp,26.18,127.76,25.0,5.7,65.0,75.0
24,tuatapere,nz,-46.13,167.68,14.68,1.16,91.0,0.0
25,nkpor,ng,6.15,6.84,30.75,2.66,63.0,0.0
26,ilyich,kz,40.85,68.51,8.43,2.06,96.0,0.0
28,rongcheng,cn,30.63,117.85,7.93,4.56,100.0,100.0
30,penne,it,42.45,13.93,7.0,0.5,100.0,20.0
31,kumylzhenskaya,ru,49.88,42.59,0.4,5.21,86.0,88.0
32,pangai,to,-19.8,-174.35,26.25,10.21,100.0,68.0
33,tamworth,au,-31.1,150.93,23.0,5.1,60.0,75.0
34,romny,ru,50.73,129.29,-25.53,2.76,63.0,12.0
35,muskegon,us,43.23,-86.25,4.0,2.6,60.0,90.0
36,new iberia,us,30.0,-91.82,20.0,1.5,100.0,90.0
37,shenjiamen,cn,29.96,122.3,14.08,9.71,100.0,88.0
38,zermatt,ch,46.02,7.75,0.0,1.0,81.0,75.0
39,pinega,ru,64.7,43.39,-3.63,3.11,81.0,92.0
40,haileybury,ca,47.45,-79.64,-10.0,3.1,85.0,1.0
41,solnechnyy,ru,50.72,136.63,-24.03,1.16,55.0,24.0
43,mitu,co,1.2,-70.17,24.15,0.81,96.0,68.0
45,falam,mm,22.92,93.68,21.08,0.16,56.0,0.0
46,sao geraldo do araguaia,br,-6.4,-48.55,22.28,2.51,97.0,12.0
48,sur,om,22.57,59.53,25.13,5.46,94.0,0.0
49,taltal,cl,-25.4,-70.48,11.48,0.56,93.0,36.0
50,shahreza,ir,32.03,51.88,12.58,1.86,36.0,36.0
52,mandalgovi,mn,45.76,106.27,-10.93,3.81,74.0,0.0
53,florida,uy,-34.1,-56.21,15.28,5.86,77.0,32.0
54,pokhara,np,28.23,83.98,13.78,1.16,74.0,80.0
55,sumbe,ao,-11.21,13.84,26.23,2.31,90.0,20.0
56,kilindoni,tz,-7.91,39.67,29.18,2.16,96.0,64.0
57,manokwari,id,-0.87,134.08,26.98,0.91,100.0,80.0
58,kramat,id,-8.13,113.45,26.9,1.06,100.0,88.0
60,edd,er,13.93,41.69,32.48,2.51,20.0,0.0
61,masallatah,ly,32.62,14.0,21.63,3.96,30.0,24.0
62,morondava,mg,-20.28,44.28,32.25,2.96,80.0,8.0
63,sao filipe,cv,14.9,-24.5,25.18,4.86,98.0,0.0
64,woodstock,ca,43.13,-80.75,-1.0,2.1,79.0,75.0
65,mantua,cu,22.29,-84.28,22.15,2.66,98.0,12.0
66,ca mau,vn,9.18,105.15,27.98,7.71,87.0,88.0
67,angren,uz,41.02,70.14,1.8,0.96,94.0,20.0
70,albany,au,-35.02,117.89,15.63,4.81,63.0,76.0
71,staryy nadym,ru,65.61,72.68,-14.1,3.61,73.0,68.0
72,ulety,ru,51.36,112.48,-15.58,5.41,48.0,48.0
73,kamina,cd,-8.74,24.99,24.78,1.96,92.0,20.0
74,badarpur,in,24.9,92.6,22.43,0.96,65.0,0.0
75,tabira,br,-7.59,-37.54,20.53,3.61,90.0,64.0
77,riyadh,sa,24.69,46.72,21.0,3.1,46.0,40.0
78,effium,ng,6.63,8.06,31.53,1.96,56.0,0.0
79,baruun-urt,mn,46.68,113.28,-11.85,6.61,65.0,48.0
80,atambua,id,-9.11,124.89,25.08,1.96,100.0,76.0
81,cayenne,gf,4.93,-52.33,24.0,2.51,94.0,40.0
82,orlik,ru,52.52,99.83,-13.28,1.06,77.0,68.0
83,balagansk,ru,54.01,103.05,-12.58,1.26,87.0,80.0
84,alice springs,au,-23.7,133.88,36.0,2.6,26.0,92.0
85,tuburan,ph,6.64,122.27,28.0,1.0,74.0,75.0
86,xunchang,cn,28.45,104.72,9.25,0.96,95.0,88.0
87,cape town,za,-33.93,18.42,24.0,5.1,44.0,0.0
88,mombetsu,jp,44.35,143.35,-7.0,5.7,67.0,20.0
89,caibarien,cu,22.52,-79.47,25.5,8.41,100.0,76.0
90,outlook,ca,51.5,-107.05,-5.78,4.26,82.0,0.0
91,jega,ng,12.22,4.38,29.33,5.66,28.0,0.0
92,cotonou,bj,6.37,2.42,25.0,1.5,94.0,20.0
93,san luis,mx,28.43,-113.75,16.23,2.76,100.0,88.0
94,zhovti vody,ua,48.35,33.5,0.0,2.0,100.0,90.0
95,rockport,us,28.02,-97.05,18.0,1.51,93.0,90.0
97,sabha,ly,27.04,14.43,19.43,5.61,35.0,0.0
98,jiwani,pk,25.05,61.74,29.18,5.26,40.0,0.0
99,valdivia,cl,-39.81,-73.25,5.0,0.5,100.0,90.0
100,okato,nz,-39.2,173.88,17.93,1.96,92.0,0.0
103,palamos,es,41.85,3.13,-1.0,0.5,100.0,20.0
105,novovarshavka,ru,54.17,74.69,-17.53,2.06,86.0,12.0
107,townsville,au,-19.25,146.8,27.0,8.7,78.0,20.0
108,thompson,ca,55.74,-97.86,-12.0,2.1,85.0,90.0
109,muli,mv,2.92,73.57,26.15,6.61,100.0,92.0
110,luebo,cd,-5.35,21.42,23.75,1.06,95.0,88.0
111,talcahuano,cl,-36.72,-73.12,12.38,6.56,98.0,68.0
112,nizhniy kuranakh,ru,58.84,125.49,-29.48,1.51,58.0,44.0
113,belaya gora,ru,68.53,146.42,-25.35,1.41,63.0,68.0
114,alghero,it,40.56,8.32,10.0,3.6,57.0,20.0
115,igrim,ru,63.19,64.42,-8.45,2.66,88.0,0.0
116,cancun,mx,21.17,-86.85,21.0,2.1,100.0,40.0
117,clocolan,za,-28.91,27.57,25.23,4.06,55.0,0.0
118,khovu-aksy,ru,51.13,93.6,-13.58,1.06,71.0,0.0
119,camopi,gf,3.17,-52.32,23.58,1.06,100.0,80.0
120,cam ranh,vn,11.92,109.16,25.9,6.06,89.0,8.0
121,araouane,ml,18.9,-3.53,24.48,1.61,23.0,24.0
122,norton shores,us,43.17,-86.26,4.0,3.1,55.0,90.0
123,neepawa,ca,50.23,-99.47,-1.0,7.2,80.0,20.0
124,boyolangu,id,-8.12,111.89,26.75,2.06,100.0,56.0
125,newport,us,41.49,-71.31,4.0,3.1,64.0,1.0
126,dhidhdhoo,mv,6.88,73.1,24.88,7.16,100.0,92.0
127,aswan,eg,24.09,32.91,20.65,4.01,45.0,0.0
128,tondano,id,1.3,124.91,32.0,4.1,66.0,40.0
129,blagoyevo,ru,63.37,47.92,-4.18,2.91,80.0,88.0
130,kazuno,jp,40.18,140.79,0.0,2.1,86.0,75.0
131,jamestown,us,42.1,-79.24,-2.0,3.1,86.0,1.0
132,penzance,gb,50.12,-5.54,8.0,8.2,80.0,40.0
133,datong,cn,40.09,113.29,-7.1,4.16,28.0,0.0
134,mount pleasant,us,32.79,-79.86,11.0,1.31,93.0,1.0
135,zimovniki,ru,47.15,42.46,2.78,5.81,93.0,92.0
136,rochegda,ru,62.8,43.25,-5.1,5.46,86.0,80.0
137,matamoros,mx,25.53,-103.25,7.05,2.16,79.0,0.0
138,vanimo,pg,-2.67,141.3,29.53,4.51,100.0,20.0
139,linxia,cn,35.6,103.21,0.03,1.86,38.0,8.0
140,ambam,cm,2.38,11.28,25.43,1.31,86.0,24.0
141,wattegama,lk,6.8,81.48,24.83,4.91,100.0,88.0
142,altus,us,34.64,-99.33,7.0,3.6,65.0,1.0
146,cockburn town,bs,24.03,-74.52,24.53,5.31,100.0,76.0
147,nicoya,cr,10.15,-85.45,25.53,4.51,77.0,36.0
149,beloha,mg,-25.17,45.05,26.4,7.51,65.0,48.0
150,oktyabrskoye,ru,43.06,44.74,2.43,1.71,100.0,92.0
151,portobelo,pa,9.55,-79.65,25.0,2.6,94.0,40.0
152,sangar,ru,63.92,127.47,-40.75,1.31,92.0,48.0
153,taoudenni,ml,22.68,-3.98,21.58,2.06,23.0,12.0
154,tuktoyaktuk,ca,69.45,-133.04,-20.1,2.01,100.0,8.0
156,iskateley,ru,67.68,53.15,-6.48,5.46,88.0,76.0
157,nenjiang,cn,49.18,125.22,-25.6,2.31,63.0,0.0
158,nhulunbuy,au,-12.23,136.77,32.0,4.6,59.0,0.0
159,port-de-bouc,fr,43.4,4.98,4.0,4.6,80.0,0.0
160,castleblayney,ie,54.12,-6.73,3.0,3.6,93.0,40.0
162,keokuk,us,40.4,-91.38,7.0,3.6,56.0,90.0
163,cajamarca,pe,-7.16,-78.5,10.55,0.06,95.0,76.0
164,usogorsk,ru,63.41,48.69,-4.0,2.86,79.0,80.0
166,luau,ao,-10.71,22.22,22.15,1.31,91.0,76.0
167,dakar,sn,14.69,-17.44,21.0,3.26,88.0,48.0
168,tiznit,ma,29.58,-9.5,13.43,1.06,79.0,88.0
169,nivala,fi,63.92,25.0,0.88,2.76,92.0,92.0
170,hirara,jp,24.8,125.28,26.0,3.6,83.0,75.0
171,port elizabeth,za,-33.92,25.57,20.0,5.7,72.0,20.0
173,urucara,br,-2.54,-57.76,23.75,1.01,96.0,68.0
174,karasjok,no,69.47,25.51,-13.0,7.2,71.0,0.0
175,kovdor,ru,67.57,30.48,-6.68,1.76,99.0,20.0
176,weligama,lk,5.97,80.42,24.75,4.11,100.0,92.0
177,fasa,ir,28.94,53.65,16.0,2.1,38.0,0.0
179,sann,pk,26.04,68.14,25.0,3.1,44.0,0.0
180,almaznyy,ru,48.04,40.05,2.9,5.61,99.0,92.0
181,petrolina de goias,br,-16.09,-49.34,21.0,4.1,88.0,90.0
182,puerto el triunfo,sv,13.28,-88.55,26.0,3.6,57.0,0.0
183,ixtapa,mx,20.7,-105.2,21.0,0.96,100.0,5.0
184,aktau,kz,43.65,51.2,-1.0,6.0,92.0,0.0
185,chuncheng,cn,22.17,111.79,21.4,2.21,90.0,68.0
186,lengshuitan,cn,26.41,111.6,7.3,3.76,100.0,92.0
187,waris aliganj,in,25.02,85.63,25.8,1.31,49.0,0.0
188,zhigansk,ru,66.77,123.37,-32.43,3.56,41.0,20.0
189,estelle,us,29.85,-90.11,19.0,1.11,100.0,75.0
190,labranzagrande,co,5.56,-72.58,14.93,0.96,93.0,8.0
191,puerto del rosario,es,28.5,-13.86,20.0,3.6,77.0,20.0
192,nsukka,ng,6.86,7.39,30.83,2.16,59.0,0.0
194,grenada,us,33.77,-89.81,16.0,2.1,82.0,40.0
195,ilo,pe,-17.64,-71.34,11.88,0.41,100.0,68.0
196,singapore,sg,1.29,103.85,32.0,2.6,66.0,75.0
197,dembi dolo,et,8.53,34.8,27.65,2.41,59.0,20.0
199,ordynskoye,ru,54.37,81.9,-10.0,1.91,86.0,68.0
200,batticaloa,lk,7.71,81.69,24.55,4.21,100.0,92.0
201,malibu,us,34.01,-118.81,16.0,2.6,81.0,40.0
202,sinnamary,gf,5.38,-52.95,25.65,3.51,100.0,68.0
203,mpanda,tz,-6.37,31.04,18.3,1.96,100.0,92.0
204,whitehorse,ca,60.72,-135.05,-4.0,5.7,79.0,40.0
205,cravo norte,co,6.3,-70.2,26.93,2.96,68.0,76.0
206,juwana,id,-6.71,111.15,28.55,3.76,89.0,44.0
208,adeje,es,28.12,-16.73,20.0,0.5,72.0,20.0
209,avarua,ck,-21.21,-159.78,24.0,6.2,83.0,90.0
210,karatuzskoye,ru,53.61,92.87,-9.03,0.31,77.0,56.0
211,oshkosh,us,44.02,-88.54,5.0,6.7,69.0,75.0
212,geraldton,au,-28.77,114.6,24.0,10.3,47.0,0.0
213,cao bang,vn,22.67,106.25,16.8,2.51,97.0,76.0
214,prince albert,ca,53.2,-105.77,-6.0,2.1,85.0,20.0
215,chatellerault,fr,46.8,0.53,-1.0,1.5,100.0,20.0
216,jutai,br,-5.18,-68.9,22.98,1.16,95.0,0.0
217,sassandra,ci,4.95,-6.08,24.0,1.0,94.0,0.0
218,koslan,ru,63.46,48.9,-4.0,2.86,79.0,80.0
219,khatanga,ru,71.97,102.5,-38.93,1.51,0.0,0.0
220,qaqortoq,gl,60.72,-46.03,1.0,1.0,88.0,56.0
221,sai buri,th,6.7,101.62,27.0,3.6,94.0,75.0
223,maamba,zm,-17.37,27.15,26.75,3.81,59.0,0.0
225,warwick,au,-28.23,152.02,19.93,5.81,79.0,88.0
226,cirie,it,45.24,7.6,2.0,1.5,74.0,0.0
227,puebloviejo,co,10.99,-74.28,27.0,2.1,83.0,20.0
228,namwala,zm,-15.75,26.44,26.5,5.96,65.0,32.0
229,karacakoy,tr,41.4,28.38,14.0,5.1,76.0,75.0
230,asahikawa,jp,43.77,142.37,-6.0,2.6,85.0,40.0
231,morgan city,us,29.7,-91.21,20.0,2.1,94.0,90.0
232,maceio,br,-9.67,-35.74,23.0,2.1,88.0,20.0
233,ebebiyin,gq,2.15,11.34,25.43,1.31,86.0,24.0
234,burgersdorp,za,-31.0,26.33,25.68,3.01,38.0,0.0
235,teya,ru,60.38,92.63,-15.18,1.61,76.0,76.0
236,huanan,cn,46.22,130.52,-18.23,6.06,55.0,36.0
237,nsanje,mw,-16.92,35.26,26.9,2.21,78.0,0.0
238,college,us,64.86,-147.8,-17.0,1.31,76.0,1.0
239,ongandjera,na,-17.88,15.07,32.33,2.56,25.0,44.0
240,saldanha,za,-33.01,17.94,19.0,7.7,60.0,0.0
241,southbridge,us,42.08,-72.03,3.0,5.1,54.0,1.0
242,harper,lr,4.38,-7.72,23.0,1.61,100.0,20.0
243,batemans bay,au,-35.72,150.18,20.08,2.76,92.0,88.0
246,dharchula,in,29.85,80.53,6.15,0.66,71.0,0.0
247,shingu,jp,33.73,135.98,15.0,6.7,67.0,75.0
248,chute-aux-outardes,ca,49.12,-68.4,-5.0,3.6,72.0,20.0
249,gatesville,us,31.44,-97.74,8.0,1.31,80.0,1.0
250,khilok,ru,51.37,110.47,-14.58,4.31,60.0,48.0
252,kosonsoy,uz,41.26,71.55,8.0,2.1,88.0,44.0
253,gisborne,nz,-38.65,178.0,13.73,1.86,92.0,8.0
254,teahupoo,pf,-17.83,-149.27,27.0,1.0,74.0,20.0
255,kiunga,pg,-6.12,141.29,26.23,0.96,88.0,80.0
256,huarmey,pe,-10.07,-78.15,14.3,1.31,91.0,56.0
257,iqaluit,ca,63.75,-68.51,-3.0,2.1,86.0,90.0
258,kargasok,ru,59.06,80.86,-10.58,1.31,85.0,80.0
259,labuhan,id,-6.88,112.21,28.93,5.81,100.0,48.0
261,hibbing,us,47.43,-92.94,4.0,5.1,51.0,75.0
265,kalabo,zm,-14.97,22.68,29.23,4.96,52.0,12.0
266,vao,nc,-22.67,167.48,24.3,8.86,97.0,80.0
267,damaturu,ng,11.75,11.96,28.03,5.11,19.0,8.0
268,bandarbeyla,so,9.49,50.81,27.8,10.31,98.0,0.0
269,kahuta,pk,33.59,73.39,20.0,2.1,45.0,0.0
270,tateyama,jp,34.98,139.87,15.0,2.6,72.0,75.0
272,tabuleiro do norte,br,-5.25,-38.13,23.5,3.41,78.0,0.0
274,jawhar,so,2.78,45.5,31.3,4.81,60.0,0.0
275,tula,mx,23.0,-99.72,14.48,1.16,99.0,76.0
276,yashalta,ru,46.34,42.28,5.55,5.21,96.0,24.0
277,victoria,sc,-4.62,55.45,31.0,4.6,62.0,40.0
278,sa kaeo,th,13.81,102.07,31.55,4.61,60.0,0.0
279,cockburn town,tc,21.46,-71.14,24.65,2.56,100.0,68.0
281,acajutla,sv,13.59,-89.83,24.63,2.66,65.0,32.0
282,magadan,ru,59.57,150.8,-26.0,2.0,75.0,32.0
283,russkaya polyana,ru,53.78,73.88,-16.38,2.11,87.0,24.0
284,santa rosa,ar,-36.62,-64.28,17.68,2.86,98.0,92.0
285,birao,cf,10.28,22.79,28.8,6.81,25.0,0.0
286,cauquenes,cl,-35.97,-72.32,10.98,2.31,91.0,92.0
287,george,za,-33.96,22.46,20.0,1.5,72.0,20.0
288,busselton,au,-33.65,115.33,18.83,7.61,100.0,0.0
289,poronaysk,ru,49.22,143.12,-8.95,10.61,100.0,48.0
290,paredon,mx,16.03,-93.87,17.83,3.21,81.0,20.0
291,ayr,au,-19.58,147.4,25.15,6.31,90.0,68.0
292,mehamn,no,71.04,27.85,-1.0,6.2,86.0,75.0
294,dokka,no,60.84,10.06,-3.5,1.66,81.0,88.0
296,aksarka,ru,66.56,67.8,-12.83,4.41,80.0,68.0
297,emerald,au,-23.53,148.17,24.93,5.26,70.0,32.0
298,nisia floresta,br,-6.09,-35.21,25.0,2.6,88.0,40.0
300,bandar-e lengeh,ir,26.56,54.88,26.18,1.01,100.0,0.0
301,sirsa,in,29.53,75.02,23.4,2.76,54.0,0.0
302,plouzane,fr,48.38,-4.62,5.0,10.66,93.0,75.0
303,anadyr,ru,64.75,177.48,-8.0,4.0,92.0,90.0
304,jardim,br,-21.48,-56.14,21.25,3.96,98.0,76.0
305,attert,be,49.75,5.79,2.0,4.1,93.0,75.0
306,kenora,ca,49.82,-94.43,-1.0,4.6,92.0,90.0
307,gull lake,ca,50.1,-108.48,0.0,9.8,64.0,20.0
308,riohacha,co,11.54,-72.91,26.05,5.21,100.0,36.0
309,uberlandia,br,-18.92,-48.28,19.0,2.6,93.0,90.0
310,wakkanai,jp,45.41,141.67,-7.0,9.3,52.0,75.0
311,bergheim,de,50.96,6.64,3.0,3.6,93.0,75.0
312,porto novo,cv,17.02,-25.06,22.0,4.1,94.0,20.0
313,palmas,br,-10.21,-48.36,22.63,1.76,96.0,36.0
314,san cristobal,ec,-0.9,-89.62,20.78,4.11,98.0,48.0
315,dobryanka,ua,52.06,31.19,-1.0,6.0,92.0,90.0
316,saquena,pe,-4.67,-73.52,22.98,1.16,99.0,48.0
317,listvyanskiy,ru,54.44,83.5,-11.6,1.96,91.0,64.0
318,bereznik,ru,62.86,42.71,-4.63,4.36,84.0,80.0
321,cabo san lucas,mx,22.89,-109.91,24.33,3.56,100.0,0.0
323,babu,cn,24.42,111.52,11.65,1.61,100.0,88.0
324,vila franca do campo,pt,37.72,-25.43,18.0,10.8,93.0,75.0
325,ambilobe,mg,-13.2,49.05,27.65,1.41,96.0,56.0
327,knysna,za,-34.04,23.05,20.0,1.5,72.0,20.0
328,kinablangan,ph,7.69,126.55,28.0,2.11,100.0,12.0
329,ust-koksa,ru,50.27,85.61,-8.25,0.86,62.0,0.0
330,kapit,my,2.02,112.93,27.33,1.06,83.0,68.0
331,chimbote,pe,-9.09,-78.58,16.23,0.96,98.0,64.0
332,heilbad heiligenstadt,de,51.38,10.13,0.0,1.5,100.0,90.0
333,ardakan,ir,32.31,54.02,11.0,3.1,27.0,0.0
334,vila velha,br,-20.33,-40.29,23.0,2.6,88.0,75.0
335,manono,cd,-7.3,27.42,26.55,1.61,84.0,48.0
337,itoman,jp,26.12,127.67,25.0,5.7,65.0,75.0
338,ismailia,eg,30.6,32.27,16.0,1.5,77.0,40.0
339,zyryanka,ru,65.75,150.85,-22.58,2.76,65.0,56.0
340,kurilsk,ru,45.23,147.88,-0.75,10.46,100.0,36.0
341,ilulissat,gl,69.22,-51.1,-2.0,1.51,100.0,92.0
342,shahr-e kord,ir,32.33,50.86,12.0,2.1,20.0,20.0
343,corovode,al,40.5,20.23,10.13,2.21,95.0,92.0
344,sosnovka,ru,56.26,51.28,-4.88,2.86,89.0,48.0
345,vendome,fr,47.8,1.07,3.0,4.1,93.0,75.0
346,canutama,br,-6.53,-64.38,24.03,0.96,96.0,24.0
347,san lorenzo,ar,-28.13,-58.77,23.53,2.16,62.0,76.0
348,san fernando,mx,24.85,-98.15,15.88,2.76,82.0,0.0
349,punta arenas,cl,-53.15,-70.92,8.0,6.2,91.0,0.0
350,sennoy,ru,52.15,46.96,-4.83,2.06,93.0,76.0
351,clyde river,ca,70.47,-68.59,-14.0,1.5,84.0,90.0
352,evensk,ru,61.95,159.23,-16.48,5.66,100.0,56.0
353,palmer,us,42.16,-72.33,-1.0,2.1,58.0,1.0
354,erzin,ru,50.26,95.16,-13.78,1.01,85.0,8.0
355,celestun,mx,20.87,-90.4,23.68,1.31,100.0,32.0
356,san rafael,ar,-34.62,-68.33,8.75,1.31,63.0,0.0
357,wittmund,de,53.57,7.78,2.0,3.6,93.0,75.0
359,ambikapur,in,23.12,83.2,22.8,3.46,47.0,0.0
360,wyszkow,pl,52.59,21.46,0.0,4.1,98.0,75.0
361,talnakh,ru,69.49,88.4,-16.88,2.56,80.0,80.0
362,supaul,in,26.12,86.6,27.73,2.06,29.0,0.0
363,bagdarin,ru,54.43,113.6,-29.98,1.06,55.0,0.0
364,kota,in,25.18,75.83,26.53,2.06,45.0,0.0
365,maniwaki,ca,46.38,-75.97,-10.45,2.61,88.0,8.0
366,porosozero,ru,62.72,32.73,-2.43,2.76,91.0,88.0
367,eirunepe,br,-6.66,-69.87,22.4,0.91,94.0,32.0
369,ranot,th,7.78,100.32,23.98,2.66,100.0,92.0
370,chapais,ca,49.78,-74.85,-15.0,3.6,92.0,20.0
371,chicama,pe,-7.84,-79.15,17.0,2.1,93.0,20.0
372,sungai udang,my,2.27,102.14,31.0,4.6,66.0,75.0
373,maldonado,uy,-34.9,-54.95,14.0,4.1,87.0,0.0
375,ostroleka,pl,53.09,21.58,-0.1,4.06,98.0,88.0
376,cherskiy,ru,68.75,161.3,-25.13,0.91,61.0,80.0
377,nohar,in,29.18,74.77,23.4,2.76,54.0,0.0
378,kalemie,cd,-5.95,29.19,21.93,1.21,100.0,92.0
379,salta,ar,-24.79,-65.41,20.0,3.1,72.0,0.0
380,hanzhong,cn,33.07,107.03,5.4,1.06,79.0,56.0
381,zima,ru,53.92,102.04,-11.48,1.51,86.0,76.0
382,sao miguel do araguaia,br,-13.28,-50.16,22.55,2.06,96.0,24.0
383,saint-augustin,ca,51.23,-58.65,-3.93,7.61,100.0,0.0
384,bardiyah,ly,31.76,25.09,18.18,4.06,93.0,0.0
385,tautira,pf,-17.73,-149.15,27.0,1.0,74.0,20.0
387,hollola,fi,61.03,25.38,0.78,2.31,97.0,92.0
388,bira,ru,49.0,132.47,-23.25,2.46,49.0,20.0
389,saint-michel-des-saints,ca,46.68,-73.92,-15.68,2.06,87.0,8.0
390,mitsamiouli,km,-11.38,43.28,31.0,2.1,62.0,20.0
392,half moon bay,us,37.46,-122.43,11.0,3.76,87.0,1.0
393,la ronge,ca,55.1,-105.28,-4.0,1.5,85.0,90.0
394,eureka,us,40.8,-124.16,4.0,3.6,100.0,75.0
395,correntina,br,-13.34,-44.64,27.78,2.86,40.0,92.0
396,fort frances,ca,48.6,-93.4,1.0,5.7,86.0,90.0
397,puerto baquerizo moreno,ec,-0.9,-89.6,20.78,4.11,98.0,48.0
398,sistranda,no,63.73,8.83,-5.0,3.1,92.0,20.0
399,canmore,ca,51.08,-115.35,1.0,4.6,47.0,90.0
400,belem de sao francisco,br,-8.75,-38.97,24.38,4.16,69.0,0.0
403,xushan,cn,30.18,121.25,10.0,4.0,81.0,75.0
404,mapiripan,co,2.89,-72.13,21.28,1.96,97.0,24.0
405,berezanka,ua,46.85,31.39,3.0,6.0,100.0,75.0
406,pala,td,9.36,14.9,31.05,6.16,24.0,0.0
408,el retorno,co,2.33,-72.63,22.03,1.06,100.0,64.0
409,shetpe,kz,44.17,52.12,1.38,3.86,100.0,0.0
411,san jose,gt,16.98,-89.9,21.73,3.71,67.0,48.0
412,mufumbwe,zm,-13.68,24.8,24.58,4.16,81.0,44.0
414,beohari,in,24.05,81.38,26.43,2.06,39.0,0.0
415,marabba,sd,12.35,32.18,31.0,5.96,29.0,0.0
416,inta,ru,66.03,60.17,-4.45,2.76,83.0,80.0
417,padang,id,-0.95,100.35,24.43,2.76,100.0,80.0
418,chernyshevskiy,ru,63.01,112.47,-32.1,1.21,38.0,48.0
419,taitung,tw,22.76,121.14,27.0,7.2,74.0,20.0
420,butaritari,ki,3.07,172.79,28.93,7.91,100.0,76.0
421,muzhi,ru,65.37,64.67,-14.7,2.31,76.0,48.0
422,piacenza,it,45.05,9.7,4.0,2.1,100.0,40.0
423,sao gabriel da cachoeira,br,-0.13,-67.09,23.3,0.96,96.0,12.0
425,alihe,cn,50.57,123.72,-22.75,2.01,62.0,0.0
426,hasaki,jp,35.73,140.83,10.0,4.1,100.0,90.0
427,piacabucu,br,-10.41,-36.43,24.08,4.71,83.0,8.0
428,broken hill,au,-31.95,141.43,22.4,3.66,88.0,36.0
429,ponta do sol,cv,17.2,-25.09,25.23,5.91,100.0,0.0
430,kjollefjord,no,70.95,27.35,-1.0,4.1,92.0,0.0
431,miandrivazo,mg,-19.52,45.47,29.4,1.21,86.0,24.0
433,ambovombe,mg,-25.17,46.08,24.25,8.36,82.0,56.0
434,wasilla,us,61.58,-149.44,-3.0,2.06,85.0,1.0
435,cheremukhovo,ru,60.35,59.99,-12.13,1.16,81.0,20.0
436,innisfail,au,-17.53,146.03,23.4,1.26,89.0,88.0
437,santa margherita ligure,it,44.33,9.21,8.0,3.1,45.0,0.0
438,bredasdorp,za,-34.53,20.04,22.0,5.1,60.0,40.0
439,new norfolk,au,-42.78,147.06,32.0,6.7,31.0,0.0
440,kaputa,zm,-8.47,29.66,22.28,1.66,84.0,92.0
441,cuite,br,-6.48,-36.15,21.75,2.96,93.0,92.0
442,pervomayskiy,ru,53.25,40.29,-3.93,5.21,93.0,88.0
443,ingham,au,-18.65,146.17,25.38,4.66,99.0,92.0
444,leshukonskoye,ru,64.9,45.76,-3.73,2.96,78.0,92.0
445,tvoroyri,fo,61.56,-6.81,1.0,4.1,74.0,68.0
446,sola,vu,-13.88,167.55,28.15,5.46,94.0,76.0
447,krutikha,ru,53.96,81.21,-12.95,1.81,87.0,44.0
448,chistogorskiy,ru,53.98,87.38,-9.78,0.86,83.0,24.0
449,nemyriv,ua,48.97,28.84,2.8,7.91,96.0,68.0
450,panaba,mx,21.28,-88.27,21.63,1.41,100.0,100.0
452,jacareacanga,br,-6.22,-57.75,23.48,0.96,97.0,20.0
453,adre,td,13.47,22.2,26.3,6.16,24.0,0.0
454,taywarah,af,33.35,64.42,7.9,1.31,27.0,0.0
455,nikolayevka,ru,53.13,47.2,-4.13,1.96,90.0,76.0
456,nchelenge,zm,-9.35,28.73,22.08,1.46,91.0,92.0
457,robertson,za,-33.8,19.89,26.88,1.21,32.0,0.0
458,great yarmouth,gb,52.61,1.73,2.0,5.7,93.0,75.0
459,bathsheba,bb,13.22,-59.52,24.0,5.7,100.0,75.0
460,holoby,ua,51.09,25.01,0.4,6.61,99.0,56.0
461,vega de alatorre,mx,20.03,-96.63,13.88,1.76,100.0,8.0
462,namtsy,ru,62.72,129.67,-40.0,1.51,86.0,48.0
463,el tarra,co,8.58,-73.09,19.75,0.76,92.0,88.0
464,poltavka,ru,54.37,71.76,-12.28,1.86,83.0,24.0
465,paris,us,33.66,-95.56,7.0,2.1,93.0,1.0
469,gasa,bt,27.9,89.73,-6.58,1.86,54.0,0.0
470,encheng,cn,22.18,112.3,21.83,3.31,86.0,64.0
471,urusha,ru,54.05,122.9,-22.43,2.66,46.0,20.0
472,tual,id,-5.67,132.75,29.05,1.16,100.0,12.0
473,meadow lake,ca,54.13,-108.43,-3.85,4.31,77.0,20.0
475,barahan,ph,13.01,120.76,28.15,1.51,100.0,20.0
478,santo antonio do sudoeste,br,-26.07,-53.73,22.55,2.66,76.0,80.0
480,rundu,na,-17.93,19.77,28.0,5.7,37.0,0.0
481,lleida,es,41.62,0.62,-1.38,1.86,78.0,0.0
483,suba,ph,10.84,121.01,29.68,1.86,99.0,88.0
484,rylsk,ru,51.57,34.68,0.08,5.51,90.0,92.0
485,hithadhoo,mv,-0.6,73.08,27.93,9.46,100.0,80.0
486,trakai,lt,54.63,24.93,1.0,4.6,93.0,90.0
487,terrace bay,ca,48.78,-87.1,4.15,12.31,100.0,92.0
488,ouadda,cf,8.08,22.4,29.8,6.16,45.0,0.0
489,mabaruma,gy,8.2,-59.78,24.75,1.71,100.0,92.0
492,moyobamba,pe,-6.05,-76.97,18.5,0.96,97.0,32.0
493,katsuura,jp,35.13,140.3,12.0,7.2,87.0,75.0
494,arbelaez,co,4.27,-74.42,9.0,1.0,100.0,48.0
495,port lincoln,au,-34.73,135.87,16.38,10.81,100.0,92.0
496,suez,eg,29.97,32.53,19.18,2.16,59.0,24.0
497,kwekwe,zw,-18.93,29.81,26.98,4.26,37.0,0.0
498,amargosa,br,-13.03,-39.6,19.9,1.76,93.0,88.0
499,hay river,ca,60.82,-115.8,-18.0,1.0,84.0,75.0
